,,,,,,,,,,,,,,,,,,,,"1,000.00",,,,,,
,No. of Trades in 4 years,Profit,Profit %,Profit Factor,BUY,SELL,CLOSE BUY,CLOSE SELL,Open,Price,Close,Price,Current,Status,Result,Profit,Selected,Profit Trades,Change,Shares,,Completed trade,Total profit,Profit %,Profit % per month,Winning %
DXCM,16,105.06,25.00,1.31,,2023/7/22,,2023/8/10,22/07,130.6,10/08,110.96,122.17,Completed,Profit,137.48,TRUE,TRUE,-19.64,7.00,,214,9066.07,4.2365,0.825,71.121
CAG,,,,,2023/7/24,,2023/7/31,,24/07,33.26,31/07,32.81,28.66,Completed,Loss,(13.50),,FALSE,-0.45,30.00,,,,,,
CDNS,10,29.92,40.00,1.18,,2023/7/24,,2023/8/21,24/07,241.27,21/08,225,275.82,Completed,Profit,65.08,,TRUE,-16.27,4.00,,,Selected profit,Profit percentage,,Winning %
WRB,11,100.77,27.27,1.67,,2023/7/24,,2023/7/27,24/07,61.32,27/07,61.77,70.21,Completed,Loss,(7.20),,FALSE,0.45,16.00,,,678.63,2.8276,,70.833
DVA,5,74.93,40.00,2.05,,2023/7/25,,2023/8/1,25/07,102.1,01/08,101.99,104.33,Completed,Profit,0.99,,TRUE,-0.11,9.00,,,,,,
MTCH,15,177.39,33.33,1.39,,2023/7/25,,2023/7/31,25/07,45.6,31/07,46.51,35.2,Completed,Loss,(19.11),TRUE,FALSE,0.91,21.00,,,,,,
DGX,15,443.86,60.00,3.94,,2023/7/26,,2023/8/18,26/07,144.92,18/08,132.24,136.74,Completed,Profit,76.08,TRUE,TRUE,-12.68,6.00,,,,,,
D,7,58.15,42.86,1.87,,2023/7/27,,2023/8/25,27/07,54.45,25/08,48.07,46.8,Completed,Profit,114.84,,TRUE,-6.38,18.00,,,,,,
ES,10,24.11,40.00,1.28,,2023/7/27,,2023/8/23,27/07,73.62,23/08,63.87,61.08,Completed,Profit,126.75,,TRUE,-9.75,13.00,,,,,,
EVRG,11,296.91,36.36,3.59,,2023/7/27,,2023/8/22,27/07,61.32,22/08,56.08,51.38,Completed,Profit,83.84,TRUE,TRUE,-5.24,16.00,,,,,,
LHX,9,209.86,55.56,10.73,,2023/7/27,,2023/8/11,27/07,202.56,11/08,186.41,208.49,Completed,Profit,64.60,TRUE,TRUE,-16.15,4.00,,,,,,
OXY,5,635.86,60.00,6.22,,2023/7/27,,2023/7/31,27/07,62.85,31/07,63.13,60.81,Completed,Loss,(4.20),TRUE,FALSE,0.28,15.00,,,,,,
PEG,9,114.54,44.44,2.62,,2023/7/27,,2023/8/16,27/07,64.92,16/08,59.43,60.65,Completed,Profit,82.35,TRUE,TRUE,-5.49,15.00,,,,,,
ECL,8,75.36,50.00,3.19,,2023/7/28,,2023/8/8,28/07,183.83,08/08,184.51,197.62,Completed,Loss,(3.40),,FALSE,0.68,5.00,,,,,,
EXC,12,23.16,33.33,1.13,,2023/7/28,,2023/8/22,28/07,41.96,22/08,39.74,35.26,Completed,Profit,51.06,,TRUE,-2.22,23.00,,,,,,
FE,15,79.98,33.33,1.56,,2023/7/28,,2023/8/11,28/07,39.24,11/08,36.3,36.23,Completed,Profit,73.50,,TRUE,-2.94,25.00,,,,,,
GL,14,77.58,21.43,1.30,,2023/7/28,,2023/8/2,28/07,111.13,02/08,112.57,121.59,Completed,Loss,(11.52),,FALSE,1.44,8.00,,,,,,
MS,10,222.96,20.00,2.12,,2023/7/28,,2023/8/22,28/07,92.75,22/08,84.25,92.41,Completed,Profit,85.00,,TRUE,-8.5,10.00,,,,,,
EMN,13,248.03,53.85,3.28,,2023/7/31,,2023/8/10,31/07,85.58,10/08,84.37,89.73,Completed,Profit,13.31,TRUE,TRUE,-1.21,11.00,,,,,,
IFF,11,58.04,45.46,1.43,,2023/7/31,,2023/8/22,31/07,84.61,22/08,64.57,80.7,Completed,Profit,220.44,,TRUE,-20.04,11.00,,,,,,
JKHY,7,32.79,28.57,1.34,,2023/7/31,,2023/8/1,31/07,167.57,01/08,167.57,165.08,Completed,Loss,0.00,,FALSE,0,5.00,,,,,,
JNJ,8,94.10,62.50,3.94,,2023/7/31,,2023/8/7,31/07,167.53,07/08,173.1,155.46,Completed,Loss,(27.85),,FALSE,5.57,5.00,,,,,,
PEP,8,95.79,50.00,2.76,,2023/7/31,,2023/8/23,31/07,187.46,23/08,175.7,167.68,Completed,Profit,58.80,TRUE,TRUE,-11.76,5.00,,,,,,
WAT,12,411.01,50.00,3.89,,2023/7/31,,2023/8/2,31/07,276.21,02/08,274.4,329.74,Completed,Profit,5.43,,TRUE,-1.81,3.00,,,,,,
DIS,10,120.55,30.00,1.66,2023/8/1,,2023/8/2,,01/08,88.89,02/08,89.03,91.02,Completed,Profit,1.54,TRUE,TRUE,0.14,11.00,,,,,,
AMGN,6,163.28,66.67,3.74,,2023/8/2,,2023/8/4,02/08,232.12,04/08,230.7,284.16,Completed,Profit,5.68,,TRUE,-1.42,4.00,,,,,,
BDX,11,240.09,45.46,3.45,,2023/8/2,,2023/8/8,02/08,278.54,08/08,275.22,243,Completed,Profit,9.96,,TRUE,-3.32,3.00,,,,,,
CFG,8,200.98,62.50,3.46,,2023/8/2,,2023/8/29,02/08,31.1,29/08,27.37,33.06,Completed,Profit,119.36,,TRUE,-3.73,32.00,,,,,,
DVN,7,257.38,28.57,3.07,,2023/8/2,,2023/8/18,02/08,53.68,18/08,49.06,45.81,Completed,Profit,83.16,,TRUE,-4.62,18.00,,,,,,
PAYC,12,131.94,33.33,1.55,,2023/8/2,,2023/8/22,02/08,370.78,22/08,283.65,205.6,Completed,Profit,174.26,,TRUE,-87.13,2.00,,,,,,
APD,11,135.88,45.46,2.27,,2023/8/3,,2023/8/14,03/08,299.32,14/08,290.73,272.84,Completed,Profit,25.77,,TRUE,-8.59,3.00,,,,,,
BAC,12,246.07,50.00,2.49,,2023/8/3,,2023/8/7,03/08,31.19,07/08,31.88,33.43,Completed,Loss,(22.08),,FALSE,0.69,32.00,,,,,,
BKNG,15,8.22,13.33,1.07,,2023/8/3,,2023/8/4,03/08,2884.92,04/08,2839.91,3535.7,Completed,Profit,0.00,,FALSE,-45.01,0.00,,,,,,
OGN,4,101.86,75.00,8.88,,2023/8/3,,2023/8/7,03/08,21.81,07/08,21.8,13.91,Completed,Profit,0.45,,TRUE,-0.01,45.00,,,,,,
WDAY,14,182.42,35.71,1.59,,2023/8/3,,2023/8/15,03/08,229.22,15/08,228.11,272.57,Completed,Profit,4.44,,TRUE,-1.11,4.00,,,,,,
CMI,10,213.99,40.00,2.26,,2023/8/4,,2023/8/29,04/08,242.64,29/08,232.62,236.99,Completed,Profit,40.08,TRUE,TRUE,-10.02,4.00,,,,,,
LIN,9,74.16,33.33,1.43,,2023/8/4,,2023/8/25,04/08,380.75,25/08,377.94,410.74,Completed,Profit,5.62,,TRUE,-2.81,2.00,,,,,,
MMM,5,186.41,60.00,6.28,,2023/8/4,,2023/8/28,04/08,107.19,28/08,104.12,106.33,Completed,Profit,27.63,,TRUE,-3.07,9.00,,,,,,
ROST,9,11.20,33.33,1.05,,2023/8/4,,2023/8/10,04/08,112.59,10/08,113.03,136.42,Completed,Loss,(3.52),,FALSE,0.44,8.00,,,,,,
SPG,12,66.82,33.33,1.25,,2023/8/7,,2023/8/29,07/08,119.66,29/08,111.67,142.3,Completed,Profit,63.92,,TRUE,-7.99,8.00,,,,,,
NTRS,8,51.13,62.50,1.53,,2023/8/8,,2023/8/10,08/08,80.85,10/08,79,83.84,Completed,Profit,22.20,,TRUE,-1.85,12.00,,,,,,
AXON,14,270.59,28.57,2.04,2023/8/9,,2023/8/17,,09/08,175.73,17/08,200.78,259.03,Completed,Profit,125.25,TRUE,TRUE,25.05,5.00,,,,,,
WDC,11,223.54,45.46,1.70,,2023/8/11,,2023/8/28,11/08,42.15,28/08,41.41,52.66,Completed,Profit,17.02,TRUE,TRUE,-0.74,23.00,,,,,,
AON,17,236.46,41.18,1.94,2023/8/14,,2023/8/17,,14/08,322.26,17/08,321.28,291.67,Completed,Loss,(2.94),,FALSE,-0.98,3.00,,,,,,
WRB,11,81.89,27.27,1.48,,2023/8/15,,2023/8/29,15/08,63.8,29/08,61.28,70.21,Completed,Profit,37.80,,TRUE,-2.52,15.00,,,,,,
AON,17,236.46,41.18,1.94,2023/8/16,,2023/8/17,,16/08,317.55,17/08,321.28,291.67,Completed,Profit,11.19,,TRUE,3.73,3.00,,,,,,
XOM,7,103.40,42.86,1.98,,2023/8/16,,2023/8/18,16/08,108.16,18/08,108.4,101.91,Completed,Loss,(2.16),,FALSE,0.24,9.00,,,,,,
GD,9,13.44,55.56,1.19,,2023/8/17,,2023/8/28,17/08,223.59,28/08,225.35,254.1,Completed,Loss,(7.04),,FALSE,1.76,4.00,,,,,,
NWS,10,144.06,10.00,1.79,,2023/8/17,,2023/8/28,17/08,21.59,28/08,21.32,24.94,Completed,Profit,12.42,TRUE,TRUE,-0.27,46.00,,,,,,
OXY,5,635.86,60.00,6.22,,2023/8/17,,2023/8/18,17/08,62.55,18/08,63.16,60.81,Completed,Loss,(9.15),,FALSE,0.61,15.00,,,,,,
WST,7,203.73,42.86,2.66,,2023/8/17,,2023/8/25,17/08,397.49,25/08,391.72,354.93,Completed,Profit,11.54,TRUE,TRUE,-5.77,2.00,,,,,,
AON,18,229.62,38.89,1.89,2023/8/18,,2023/9/5,,18/08,319,05/09,329.45,291.67,Completed,Profit,31.35,TRUE,TRUE,10.45,3.00,,,,,,
MKTX,11,147.97,45.46,1.99,2023/8/18,,2023/8/24,,18/08,249.18,24/08,250.43,288.19,Completed,Profit,5.00,,TRUE,1.25,4.00,,,,,,
HOLX,13,107.36,38.46,1.71,2023/8/21,,2023/8/24,,21/08,75.23,24/08,75.31,71.04,Completed,Profit,1.04,TRUE,TRUE,0.08,13.00,,,,,,
MRNA,12,265.07,33.33,1.82,2023/8/21,,2023/9/5,,21/08,111.08,05/09,109.36,94.89,Completed,Loss,(15.48),TRUE,FALSE,-1.72,9.00,,,,,,
PANW,8,765.02,87.50,17.97,2023/8/21,,2023/9/15,,21/08,240.81,15/09,245.82,298.21,Completed,Profit,20.04,,TRUE,5.01,4.00,,,,,,
NOC,4,8.11,25.00,1.20,2023/8/22,,2023/8/25,,22/08,433.69,25/08,432.18,463.13,Completed,Loss,(3.02),,FALSE,-1.51,2.00,,,,,,
BKNG,16,8.22,12.50,1.07,,2023/8/22,,2023/8/30,22/08,3052,30/08,3110.86,3535.7,Completed,Loss,0.00,,FALSE,58.86,0.00,,,,,,
CDNS,11,95.00,45.46,1.57,2023/8/23,,2023/9/8,,23/08,225.51,08/09,241.46,275.82,Completed,Profit,63.80,,TRUE,15.95,4.00,,,,,,
ANET,16,393.20,50.00,2.53,,2023/8/24,,2023/8/29,24/08,189.83,29/08,181.96,238.26,Completed,Profit,39.35,,TRUE,-7.87,5.00,,,,,,
PM,11,126.36,36.36,2.11,2023/8/25,,2023/9/5,,25/08,94.08,05/09,94.51,92.94,Completed,Profit,4.30,TRUE,TRUE,0.43,10.00,,,,,,
CAH,13,191.58,30.77,2.18,2023/8/28,,2023/8/31,,28/08,89.74,31/08,88.04,101.33,Completed,Loss,(18.70),TRUE,FALSE,-1.7,11.00,,,,,,
CHD,7,78.96,42.86,2.66,2023/8/28,,2023/9/6,,28/08,94.44,06/09,95.17,91.9,Completed,Profit,7.30,,TRUE,0.73,10.00,,,,,,
MO,10,111.25,50.00,2.12,2023/8/28,,2023/9/6,,28/08,43.97,06/09,44.09,40.36,Completed,Profit,2.64,,TRUE,0.12,22.00,,,,,,
NKE,9,2.05,33.33,1.02,2023/8/29,,2023/9/5,,29/08,99.63,05/09,100.32,108.04,Completed,Profit,6.90,,TRUE,0.69,10.00,,,,,,
PEP,9,142.49,55.56,3.61,2023/8/29,,2023/8/31,,29/08,180.25,31/08,181.08,167.68,Completed,Profit,4.15,,TRUE,0.83,5.00,,,,,,
RCL,8,246.85,25.00,2.63,2023/8/29,,2023/8/30,,29/08,98.32,30/08,100.53,128.21,Completed,Profit,22.10,,TRUE,2.21,10.00,,,,,,
BEN,8,103.29,50.00,1.47,2023/8/30,,2023/9/5,,30/08,26.52,05/09,26.13,29.7,Completed,Loss,(14.43),,FALSE,-0.39,37.00,,,,,,
FIS,9,2.80,22.22,1.02,2023/8/30,,2023/9/5,,30/08,55.72,05/09,55.64,59.94,Completed,Loss,(1.36),,FALSE,-0.08,17.00,,,,,,
BBY,11,229.87,54.55,2.30,2023/8/31,,2023/9/5,,31/08,75.93,05/09,73.95,76.14,Completed,Loss,(25.74),TRUE,FALSE,-1.98,13.00,,,,,,
LVS,7,157.17,57.14,1.90,2023/8/31,,2023/9/5,,31/08,54.91,05/09,52.61,48.92,Completed,Loss,(41.40),,FALSE,-2.3,18.00,,,,,,
MOH,8,246.79,50.00,3.11,,2023/9/1,,2023/9/7,01/09,310.12,07/09,310.82,358.38,Completed,Loss,(2.10),TRUE,FALSE,0.7,3.00,,,,,,
SPG,13,115.86,38.46,1.44,2023/9/1,,2023/9/18,,01/09,113.49,18/09,114.25,142.3,Completed,Profit,6.08,TRUE,TRUE,0.76,8.00,,,,,,
BG,4,77.25,25.00,2.05,,2023/9/6,,2023/9/11,06/09,113.09,11/09,114.87,101.64,Completed,Loss,(14.24),,FALSE,1.78,8.00,,,,,,
ICE,10,345.79,50.00,3.90,,2023/9/6,,2023/9/12,06/09,114.64,12/09,115.03,125.72,Completed,Loss,(3.12),TRUE,FALSE,0.39,8.00,,,,,,
TDY,12,179.49,50.00,2.65,,2023/9/8,,2023/9/14,08/09,410.01,14/09,409.35,433.45,Completed,Profit,1.32,,TRUE,-0.66,2.00,,,,,,
ACN,9,39.09,33.33,1.16,,2023/9/12,,2023/9/25,12/09,325.87,25/09,316.99,354.45,Completed,Profit,26.64,,TRUE,-8.88,3.00,,,,,,
ADBE,11,75.55,36.36,1.31,,2023/9/12,,2023/10/2,12/09,564.5,02/10,521.13,598.75,Completed,Profit,43.37,,TRUE,-43.37,1.00,,,,,,
ABNB,8,375.94,62.50,4.49,2023/9/12,,2023/9/20,,12/09,147.33,20/09,141.85,140.8,Completed,Loss,(32.88),,FALSE,-5.48,6.00,,,,,,
UNP,10,150.38,30.00,2.20,2023/9/14,,2023/9/19,,14/09,212.13,19/09,213.15,243.58,Completed,Profit,4.08,,TRUE,1.02,4.00,,,,,,
SBAC,11,48.77,45.46,1.27,2023/9/14,,2023/9/17,,14/09,212.33,17/09,215.1,251.43,Completed,Profit,11.08,,TRUE,2.77,4.00,,,,,,
INTC,10,178.26,40.00,1.98,,2023/9/15,,2023/9/29,15/09,38.67,29/09,35.18,48,Completed,Profit,87.25,,TRUE,-3.49,25.00,,,,,,
OXY,7,621.30,42.86,5.55,,2023/9/19,,2023/9/27,19/09,66.32,27/09,63.15,60.81,Completed,Profit,47.55,,TRUE,-3.17,15.00,,,,,,
NRG,12,108.61,50.00,2.92,,2023/9/20,,2023/9/25,20/09,39.19,25/09,39.19,50,Completed,Loss,0.00,,FALSE,0,25.00,,,,,,
SLB,12,356.90,41.67,2.50,,2023/9/20,,2023/9/26,20/09,60.43,26/09,59.84,53.08,Completed,Profit,9.44,,TRUE,-0.59,16.00,,,,,,
CRWD,12,60.17,25.00,1.15,,2023/9/21,,2023/9/28,21/09,163.89,28/09,163.04,255.63,Completed,Profit,5.10,,TRUE,-0.85,6.00,,,,,,
HAL,15,181.91,26.67,1.81,,2023/9/21,,2023/9/27,21/09,41.29,27/09,40.79,36.59,Completed,Profit,12.00,,TRUE,-0.5,24.00,,,,,,
PRU,9,33.68,55.56,1.34,,2023/9/22,,2023/10/9,22/09,96.97,09/10,93.41,103.54,Completed,Profit,35.60,,TRUE,-3.56,10.00,,,,,,
AAPL,12,7.26,50.00,1.05,2023/9/25,,2023/9/26,,25/09,176.08,26/09,176.08,193.6,Completed,Loss,0.00,,FALSE,0,5.00,,,,,,
WRB,13,85.60,23.08,1.47,,2023/9/27,,2023/10/4,27/09,64.43,04/10,62.44,70.21,Completed,Profit,29.85,,TRUE,-1.99,15.00,,,,,,
MAR,11,162.25,27.27,1.66,2023/9/28,,2023/10/2,,28/09,193.88,02/10,193.75,222.62,Completed,Loss,(0.65),,FALSE,-0.13,5.00,,,,,,
VRSN,12,387.62,41.67,3.39,2023/9/28,,2023/10/3,,28/09,200.47,03/10,202.34,206.39,Completed,Profit,7.48,,TRUE,1.87,4.00,,,,,,
ABBV,10,311.94,60.00,5.41,,2023/9/29,,2023/10/11,29/09,152.25,11/10,148.89,154.94,Completed,Profit,20.16,,TRUE,-3.36,6.00,,,,,,
MOH,11,213.94,36.36,2.43,,2023/9/29,,2023/10/5,29/09,333.32,05/10,328,358.38,Completed,Profit,15.96,,TRUE,-5.32,3.00,,,,,,
PAYX,14,28.44,35.71,1.15,2023/9/29,,2023/10/20,,29/09,117.12,20/10,118.19,119.86,Completed,Profit,8.56,,TRUE,1.07,8.00,,,,,,
TRMB,12,250.63,25.00,2.26,2023/9/29,,2023/10/4,,29/09,52.41,04/10,51.75,52.44,Completed,Loss,(12.54),,FALSE,-0.66,19.00,,,,,,
CVX,9,408.84,44.44,4.47,,2023/10/3,,2023/10/9,03/10,166.54,09/10,166.72,151.05,Completed,Loss,(1.08),,FALSE,0.18,6.00,,,,,,
PEG,10,114.54,40.00,2.62,2023/10/4,,2023/10/20,,04/10,55.53,20/10,59.83,60.65,Completed,Profit,77.40,,TRUE,4.3,18.00,,,,,,
CRM,13,139.17,38.46,1.48,2023/10/9,,2023/10/13,,09/10,207.22,13/10,205.68,266.34,Completed,Loss,(6.16),,FALSE,-1.54,4.00,,,,,,
LHX,10,196.00,50.00,6.53,2023/10/9,,2023/10/20,,09/10,180.21,20/10,177.9,208.49,Completed,Loss,(11.55),,FALSE,-2.31,5.00,,,,,,
MO,12,101.13,41.67,1.92,2023/10/9,,2023/10/19,,09/10,42.7,19/10,43.12,40.36,Completed,Profit,9.66,,TRUE,0.42,23.00,,,,,,
MRK,9,169.54,44.44,3.18,2023/10/9,,2023/10/18,,09/10,104.5,18/10,104.17,107.7,Completed,Loss,(2.97),,FALSE,-0.33,9.00,,,,,,
CAG,13,132.82,53.85,1.97,2023/10/10,,2023/11/27,,10/10,27.59,27/11,28.19,28.66,Completed,Profit,21.60,,TRUE,0.6,36.00,,,,,,
CCI,9,61.58,44.44,1.38,2023/10/10,,2023/10/18,,10/10,93.18,18/10,93.4,114.83,Completed,Profit,2.20,,TRUE,0.22,10.00,,,,,,
CMCSA,9,187.86,55.56,3.62,2023/10/10,,2023/10/19,,10/10,44.09,19/10,44.02,44,Completed,Loss,(1.54),,FALSE,-0.07,22.00,,,,,,
DLR,13,35.26,46.15,1.18,2023/10/10,,2023/10/18,,10/10,119.05,18/10,123.29,135.12,Completed,Profit,33.92,,TRUE,4.24,8.00,,,,,,
ES,12,138.07,41.67,2.61,2023/10/10,,2023/10/12,,10/10,57.24,12/10,58.97,61.08,Completed,Profit,29.41,,TRUE,1.73,17.00,,,,,,
LMT,11,61.46,18.18,1.65,2023/10/10,,2023/11/6,,10/10,436.53,06/11,451.16,448.22,Completed,Profit,29.26,,TRUE,14.63,2.00,,,,,,
VTR,13,26.65,23.08,1.06,2023/10/10,,2023/10/20,,10/10,40.71,20/10,41.83,49.9,Completed,Profit,26.88,,TRUE,1.12,24.00,,,,,,
WFC,8,113.80,37.50,1.81,2023/10/10,,2023/10/20,,10/10,39.7,20/10,41.18,49.18,Completed,Profit,37.00,,TRUE,1.48,25.00,,,,,,
DVN,8,235.18,25.00,2.60,2023/10/11,,2023/10/23,,11/10,46.07,23/10,47.71,45.81,Completed,Profit,34.44,,TRUE,1.64,21.00,,,,,,
EXR,16,257.55,31.25,2.67,2023/10/11,,2023/10/13,,11/10,121.23,13/10,120.11,156.54,Completed,Loss,(8.96),,FALSE,-1.12,8.00,,,,,,
GIS,7,189.88,71.43,11.89,2023/10/11,,2023/10/12,,11/10,63.26,12/10,62.73,64.51,Completed,Loss,(7.95),,FALSE,-0.53,15.00,,,,,,
SPG,15,109.92,33.33,1.40,2023/10/11,,2023/10/19,,11/10,106.15,19/10,108.55,142.3,Completed,Profit,21.60,,TRUE,2.4,9.00,,,,,,
SYF,12,71.70,33.33,1.32,2023/10/11,,2023/10/13,,11/10,29.84,13/10,29.43,37.94,Completed,Loss,(13.53),,FALSE,-0.41,33.00,,,,,,
NEE,13,40.85,30.77,1.21,2023/10/13,,2023/10/19,,13/10,53,19/10,53.24,59.75,Completed,Profit,4.32,,TRUE,0.24,18.00,,,,,,
CPB,10,96.63,70.00,3.33,2023/10/16,,2023/10/23,,16/10,40.1,23/10,39.51,43,Completed,Loss,(14.16),,FALSE,-0.59,24.00,,,,,,
BG,6,40.71,16.67,1.37,2023/10/17,,2023/10/20,,17/10,103.33,20/10,103.65,101.64,Completed,Profit,2.88,,TRUE,0.32,9.00,,,,,,
PG,10,288.17,70.00,10.13,2023/10/17,,2023/10/30,,17/10,146.07,30/10,149.26,145.28,Completed,Profit,19.14,,TRUE,3.19,6.00,,,,,,
VLO,13,30.98,38.46,1.11,2023/10/17,,2023/10/23,,17/10,129.2,23/10,130.73,132.2,Completed,Profit,10.71,,TRUE,1.53,7.00,,,,,,
CHD,9,38.93,33.33,1.45,2023/10/17,,2023/10/29,,17/10,88.94,29/10,90.76,91.9,Completed,Profit,20.02,,TRUE,1.82,11.00,,,,,,
GOOGL,8,263.02,75.00,6.32,,2023/10/18,,2023/10/24,18/10,139.72,24/10,136.5,141.49,Completed,Loss,(22.54),,FALSE,-3.22,7.00,,,,,,
CME,8,69.59,37.50,2.19,2023/10/19,,2023/10/26,,19/10,215.99,26/10,214.08,214.31,Completed,Loss,(7.64),,FALSE,-1.91,4.00,,,,,,
DIS,13,60.04,23.08,1.25,2023/10/5,,2023/10/19,,05/10,79.32,19/10,84.68,91.02,Completed,Profit,64.32,,TRUE,5.36,12.00,,,,,,
SNPS,11,141.29,27.27,1.65,,2023/10/19,,2023/10/31,19/10,485.73,31/10,460.94,524.46,Completed,Profit,49.58,,TRUE,-24.79,2.00,,,,,,
AIZ,10,262.76,60.00,5.69,,2023/10/20,,2023/10/25,20/10,149.07,25/10,146.85,165.94,Completed,Profit,13.32,,TRUE,-2.22,6.00,,,,,,
COST,13,42.37,30.77,1.25,,2023/10/20,,2023/10/30,20/10,565.63,30/10,554.88,671.6,Completed,Profit,10.75,,TRUE,-10.75,1.00,,,,,,
DXCM,16,224.52,31.25,1.63,2023/10/20,,2023/10/26,,20/10,86.04,26/10,84.35,122.17,Completed,Loss,(18.59),,FALSE,-1.69,11.00,,,,,,
GOOG,8,123.47,50.00,2.55,,2023/10/20,,2023/10/24,20/10,138.98,24/10,137.9,142.72,Completed,Profit,7.56,,TRUE,-1.08,7.00,,,,,,
PANW,10,783.86,80.00,18.39,,2023/10/20,,2023/11/1,20/10,253.13,01/11,243.02,298.21,Completed,Profit,30.33,,TRUE,-10.11,3.00,,,,,,
VRTX,12,39.59,41.67,1.45,,2023/10/20,,2023/10/24,20/10,364.8,24/10,367.66,405.25,Completed,Loss,(5.72),,FALSE,2.86,2.00,,,,,,
ZS,12,454.59,41.67,2.31,,2023/10/20,,2023/11/3,20/10,169.07,03/11,159.19,221.68,Completed,Profit,49.40,,TRUE,-9.88,5.00,,,,,,
CRWD,12,60.17,25.00,1.15,,2023/10/22,,2023/11/1,22/10,179.08,01/11,176.77,255.63,Completed,Profit,11.55,,TRUE,-2.31,5.00,,,,,,
AMGN,8,111.80,50.00,2.01,,2023/10/22,,2023/11/2,22/10,273.06,02/11,260.84,284.16,Completed,Profit,36.66,,TRUE,-12.22,3.00,,,,,,
MOH,11,213.94,36.36,2.43,,2023/10/22,,2023/11/2,22/10,344.64,02/11,336.83,358.38,Completed,Profit,15.62,,TRUE,-7.81,2.00,,,,,,
UNH,6,8.34,33.33,1.09,,2023/10/23,,2023/10/31,23/10,521.57,31/10,529.99,520.31,Completed,Loss,(8.42),,FALSE,8.42,1.00,,,,,,
CNC,11,44.63,36.36,1.20,,2023/10/24,,2023/11/6,24/10,70.86,06/11,71.84,73.34,Completed,Loss,(13.72),,FALSE,0.98,14.00,,,,,,
IBM,10,113.24,40.00,2.67,2023/10/30,,2023/11/29,,30/10,142.63,29/11,155.65,162.14,Completed,Profit,91.14,,TRUE,13.02,7.00,,,,,,
INTC,10,178.26,40.00,1.98,2023/10/30,,2023/11/21,,30/10,35.69,21/11,44.74,48,Completed,Profit,253.40,,TRUE,9.05,28.00,,,,,,
NKE,11,43.35,36.36,1.34,,2023/10/29,,2023/10/30,29/10,101.8,30/10,101.8,108.04,Completed,Loss,0.00,,FALSE,0,9.00,,,,,,
EMN,13,247.07,53.85,3.25,2023/10/30,,2023/12/4,,30/10,75.19,04/12,84.88,89.73,Completed,Profit,125.97,,TRUE,9.69,13.00,,,,,,
NUE,9,54.99,33.33,1.22,2023/10/30,,2023/12/4,,30/10,148.95,04/12,167.4,178.06,Completed,Profit,110.70,,TRUE,18.45,6.00,,,,,,
PRU,9,33.68,55.56,1.34,2023/10/31,,2023/11/24,,31/10,90.68,24/11,95.74,103.54,Completed,Profit,55.66,,TRUE,5.06,11.00,,,,,,
ADSK,12,37.58,25.00,1.14,2023/11/1,,2023/11/22,,01/11,197.63,22/11,217.67,242.76,Completed,Profit,100.20,,TRUE,20.04,5.00,,,,,,
BAC,14,204.76,42.86,1.99,2023/11/1,,2023/12/5,,01/11,26.34,05/12,30.82,33.43,Completed,Profit,165.76,,TRUE,4.48,37.00,,,,,,
FDX,10,24.89,10.00,1.10,2023/11/1,,2023/11/9,,01/11,240.1,09/11,245.37,248.03,Completed,Profit,21.08,,TRUE,5.27,4.00,,,,,,
NTRS,9,48.66,55.56,1.49,2023/11/1,,2023/12/6,,01/11,65.91,06/12,80.76,83.84,Completed,Profit,222.75,,TRUE,14.85,15.00,,,,,,
NVDA,8,18.93,25.00,1.07,2023/11/1,,2023/11/22,,01/11,407.8,22/11,499.44,488.3,Completed,Profit,183.28,,TRUE,91.64,2.00,,,,,,
ACN,9,39.09,33.33,1.16,2023/11/2,,2023/12/5,,02/11,300.64,05/12,336.43,354.45,Completed,Profit,107.37,,TRUE,35.79,3.00,,,,,,
BA,9,578.77,44.44,6.458,2023/11/2,,2023/12/12,,02/11,189.38,12/12,248.08,260.44,Completed,Profit,293.50,,TRUE,58.7,5.00,,,,,,
BBY,13,173.07,46.15,1.74,2023/11/2,,2023/11/7,,02/11,65.97,07/11,66.96,76.14,Completed,Profit,14.85,,TRUE,0.99,15.00,,,,,,
BR,14,220.57,57.14,1.80,2023/11/2,,2023/11/27,,02/11,170.53,27/11,187.62,199.67,Completed,Profit,85.45,,TRUE,17.09,5.00,,,,,,
C,11,279.37,45.46,2.33,2023/11/2,,2023/11/28,,02/11,39.6,28/11,45.08,50.86,Completed,Profit,137.00,,TRUE,5.48,25.00,,,,,,
CTVA,9,7.38,44.44,1.08,2023/11/2,,2023/11/8,,02/11,47.74,08/11,49.28,47.46,Completed,Profit,30.80,,TRUE,1.54,20.00,,,,,,
ECL,8,119.41,50.00,3.81,2023/11/2,,2023/12/4,,02/11,167.21,04/12,191.44,197.62,Completed,Profit,121.15,,TRUE,24.23,5.00,,,,,,
GS,9,46.52,44.44,1.34,2023/11/2,,2023/12/5,,02/11,307.16,05/12,349.39,380.65,Completed,Profit,126.69,,TRUE,42.23,3.00,,,,,,
HWM,10,316.97,40.00,2.26,2023/11/2,,2023/11/28,,02/11,44.72,28/11,52.62,53.57,Completed,Profit,173.80,,TRUE,7.9,22.00,,,,,,
IR,16,236.63,31.25,1.74,2023/11/2,,2023/11/28,,02/11,61.99,28/11,70.78,76.48,Completed,Profit,140.64,,TRUE,8.79,16.00,,,,,,
MTB,11,131.34,36.36,1.63,2023/11/2,,2023/11/9,,02/11,112.13,09/11,119.34,136.52,Completed,Profit,57.68,,TRUE,7.21,8.00,,,,,,
PNC,9,86.22,55.56,1.80,2023/11/2,,2023/12/5,,02/11,113.46,05/12,140.79,152.47,Completed,Profit,218.64,,TRUE,27.33,8.00,,,,,,
PM,13,120.20,30.77,2.00,2023/11/2,,2023/12/4,,02/11,89.01,04/12,92.93,92.94,Completed,Profit,43.12,,TRUE,3.92,11.00,,,,,,
STT,6,107.29,33.33,1.65,2023/11/2,,2023/12/5,,02/11,64.74,05/12,74.1,77.19,Completed,Profit,140.40,,TRUE,9.36,15.00,,,,,,
TFX,16,120.15,37.50,1.43,2023/11/2,,2023/12/5,,02/11,187.51,05/12,229.36,250.95,Completed,Profit,209.25,,TRUE,41.85,5.00,,,,,,
ZION,16,61.93,25.00,1.17,2023/11/2,,2023/11/9,,02/11,31.02,09/11,33.76,44,Completed,Profit,87.68,,TRUE,2.74,32.00,,,,,,
BDX,11,240.24,45.46,3.46,2023/11/3,,2023/11/9,,03/11,255.92,09/11,255.92,243,Completed,Loss,0.00,,FALSE,0,3.00,,,,,,
BIIB,6,43.22,50.00,1.69,2023/11/3,,2023/11/27,,03/11,241.86,27/11,228.79,257.97,Completed,Loss,(52.28),,FALSE,-13.07,4.00,,,,,,
BLK,16,417.95,37.50,2.915,2023/11/3,,2023/12/5,,03/11,644.49,05/12,756.43,802.42,Completed,Profit,111.94,,TRUE,111.94,1.00,,,,,,
CFG,10,248.28,60.00,3.03,2023/11/3,,2023/11/22,,03/11,24.9,22/11,26.88,33.06,Completed,Profit,79.20,,TRUE,1.98,40.00,,,,,,
CMI,11,239.51,45.46,2.41,2023/11/3,,2023/11/8,,03/11,217.94,08/11,219.64,236.99,Completed,Profit,6.80,,TRUE,1.7,4.00,,,,,,
CSCO,11,72.81,54.55,1.62,2023/11/3,,2023/11/9,,03/11,52.75,09/11,53,50.09,Completed,Profit,4.50,,TRUE,0.25,18.00,,,,,,
EXPE,9,190.02,33.33,1.75,2023/11/3,,2023/12/5,,03/11,94.84,05/12,139.82,155.31,Completed,Profit,449.80,,TRUE,44.98,10.00,,,,,,
IDXX,15,86.63,46.67,1.31,2023/11/3,,2023/11/28,,03/11,419.44,28/11,479.63,554.04,Completed,Profit,120.38,,TRUE,60.19,2.00,,,,,,
KEYS,5,60.66,60.00,1.86,2023/11/3,,2023/11/9,,03/11,123.2,09/11,124.79,159.21,Completed,Profit,12.72,,TRUE,1.59,8.00,,,,,,
PPG,14,159.96,50.00,1.68,2023/11/3,,2023/12/4,,03/11,124.92,04/12,143.15,148.75,Completed,Profit,145.84,,TRUE,18.23,8.00,,,,,,
PSA,10,220.57,40.00,3.07,2023/11/3,,2023/11/9,,03/11,248.26,09/11,250.69,297.93,Completed,Profit,9.72,,TRUE,2.43,4.00,,,,,,
WDAY,16,63.60,31.25,1.201,2023/11/3,,2023/12/5,,03/11,212.92,05/12,269.22,272.57,Completed,Profit,225.20,,TRUE,56.3,4.00,,,,,,
JKHY,7,32.79,28.57,1.34,2023/11/4,,2023/12/14,,04/11,144.85,14/12,168.17,165.08,Completed,Profit,139.92,,TRUE,23.32,6.00,,,,,,
BKNG,18,8.22,11.11,1.07,2023/11/6,,2023/11/24,,06/11,2971.43,24/11,3115.59,3535.7,Completed,Profit,0.00,,FALSE,144.16,0.00,,,,,,
CLX,10,200.61,50.00,3.11,2023/11/6,,2023/11/29,,06/11,129,29/11,144.11,141.86,Completed,Profit,105.77,,TRUE,15.11,7.00,,,,,,
DAL,14,435.78,35.71,2.006,2023/11/6,,2023/12/5,,06/11,32.92,05/12,38.16,41.13,Completed,Profit,157.20,,TRUE,5.24,30.00,,,,,,
DOV,14,62.52,42.86,1.42,2023/11/6,,2023/11/7,,06/11,132.76,07/11,132.76,152.94,Completed,Loss,0.00,,FALSE,0,7.00,,,,,,
EMR,11,0.87,36.36,1.01,2023/11/6,,2023/11/7,,06/11,91.74,07/11,91.74,96.44,Completed,Loss,0.00,,FALSE,0,10.00,,,,,,
JNJ,9,81.02,55.56,2.80,2023/11/6,,2023/11/9,,06/11,151.7,09/11,150.35,155.46,Completed,Loss,(8.10),,FALSE,-1.35,6.00,,,,,,
MAA,11,40.26,36.36,1.17,2023/11/6,,2023/11/7,,06/11,121.76,07/11,121.76,133.12,Completed,Loss,0.00,,FALSE,0,8.00,,,,,,
PFE,9,139.69,33.33,1.67,2023/11/6,,2023/11/9,,06/11,31.18,09/11,30.82,28.4,Completed,Loss,(11.52),,FALSE,-0.36,32.00,,,,,,
UAL,10.00,988.49,50.00,5.72,2023/11/6,,2023/12/18,,06/11,36.76,18/12,42.33,42.55,Completed,Profit,150.39,,TRUE,5.57,27.00,,,,,,
PLD,12,91.38,58.33,1.65,2023/11/6,,2023/12/15,,06/11,104.93,15/12,137.12,132.4,Completed,Profit,289.71,,TRUE,32.19,9.00,,,,,,
WST,8,139.65,37.50,1.96,2023/11/7,,2023/11/29,,07/11,333.03,29/11,352.42,354.93,Completed,Profit,58.17,,TRUE,19.39,3.00,,,,,,
ALK,12,282.81,50.00,2.73,2023/11/8,,2023/12/4,,08/11,33.16,04/12,34.08,40.68,Completed,Profit,27.60,,TRUE,0.92,30.00,,,,,,
EXR,18.00,207.10,27.78,2.011,2023/11/8,,2023/12/18,,08/11,107.2,18/12,151.61,156.54,Completed,Profit,399.69,,TRUE,44.41,9.00,,,,,,
BBY,13,173.07,46.15,1.74,2023/11/14,,2023/12/12,,14/11,63.84,12/12,74.14,76.14,Completed,Profit,154.50,,TRUE,10.3,15.00,,,,,,
BXP,11,0.61,9.09,1.00,2023/11/14,,2023/11/21,,14/11,51.21,21/11,55.09,70.87,Completed,Profit,73.72,,TRUE,3.88,19.00,,,,,,
WMT,11,33.94,45.46,1.24,,2023/11/16,,2023/12/13,16/11,169.78,13/12,151.36,156.65,Completed,Profit,92.10,,TRUE,-18.42,5.00,,,,,,
MTCH,16,123.34,31.25,1.201,,2023/11/17,,2023/12/8,17/11,31.58,08/12,32.24,35.2,Completed,Loss,(20.46),,FALSE,0.66,31.00,,,,,,
AON,20,287.44,50.00,2.17,,2023/11/21,,2023/11/22,21/11,331.2,22/11,325.93,291.67,Completed,Profit,15.81,,TRUE,-5.27,3.00,,,,,,
ADSK,12,37.58,25.00,1.14,,2023/11/22,,2023/11/29,22/11,217.67,29/11,207.37,242.76,Completed,Profit,41.20,,TRUE,-10.3,4.00,,,,,,
HOLX,14,150.26,42.86,1.99,,2023/11/28,,2023/11/30,28/11,71.53,30/11,70.6,71.04,Completed,Profit,12.09,,TRUE,-0.93,13.00,,,,,,
AVGO,16,122.3,31.25,1.53,,2023/11/29,,2023/12/8,29/11,946.35,08/12,922.26,1121.98,Completed,Profit,24.09,,TRUE,-24.09,1.00,,,,,,
GILD,7,129.99,71.43,5.49,2023/11/30,,2023/12/18,,30/11,75.23,18/12,79.5,79.66,Completed,Profit,55.51,,TRUE,4.27,13.00,,,,,,
HRL,13,52.32,53.85,1.76,2023/12/1,,2023/12/8,,01/12,30.59,08/12,31.85,31.76,Completed,Profit,40.32,,TRUE,1.26,32.00,,,,,,
ALK,12,282.81,50.00,2.73,,2023/12/4,,2023/12/12,04/12,34.08,12/12,35.75,40.68,Completed,Loss,(48.43),,FALSE,1.67,29.00,,,,,,
PEG,11,88.30,36.36,1.912,,2023/12/4,,2023/12/13,04/12,63.28,13/12,62.49,60.65,Completed,Profit,11.85,,TRUE,-0.79,15.00,,,,,,
PM,13,120.20,30.77,2.00,,2023/12/4,,2023/12/11,04/12,92.93,11/12,92.99,92.94,Completed,Loss,(0.60),,FALSE,0.06,10.00,,,,,,
BG,6,5.51,16.67,1.04,,2023/12/5,,2023/12/19,05/12,107.74,19/12,103.73,101.64,Completed,Profit,36.09,,TRUE,-4.01,9.00,,,,,,
KMB,7,67.76,42.86,2.52,,2023/12/5,,2023/12/12,05/12,124.17,12/12,120.97,120.21,Completed,Profit,25.60,,TRUE,-3.2,8.00,,,,,,
NWSA,7,226.58,28.57,3.96,,2023/12/5,,2023/12/11,05/12,22.06,11/12,22.07,23.8,Completed,Loss,(0.45),,FALSE,0.01,45.00,,,,,,
CDNS,12,96.96,41.67,1.582,,2023/12/6,,2023/12/11,06/12,262.18,11/12,268.75,275.82,Completed,Loss,(19.71),,FALSE,6.57,3.00,,,,,,
NWS,10,144.06,10.00,1.79,,2023/12/6,,2023/12/11,06/12,22.72,11/12,23.1,24.94,Completed,Loss,(16.72),,FALSE,0.38,44.00,,,,,,
WMB,11,429.66,45.46,3.43,,2023/12/6,,2023/12/22,06/12,36.26,22/12,34.97,35.14,Completed,Profit,34.83,,TRUE,-1.29,27.00,,,,,,
PSX,16,389.78,43.75,2.15,,2023/12/8,,2023/12/13,08/12,124.62,13/12,125.22,134.06,Completed,Loss,(4.80),,FALSE,0.6,8.00,,,,,,
STLD,15,193.84,33.33,1.54,,2023/12/8,,2023/12/14,08/12,114.41,14/12,115.36,121.84,Completed,Loss,(7.60),,FALSE,0.95,8.00,,,,,,
NUE,11,184.14,36.36,1.735,,2023/12/8,,2023/12/13,08/12,163.22,13/12,163.76,178.06,Completed,Profit,3.24,,TRUE,0.54,6.00,,,,,,
MKC,12,257.87,66.67,2.29,,2023/12/15,,,15/12,68.28,,,67.87,Ongoing,Profit,5.74,,TRUE,-0.41,14.00,,,,,,
NEE,13,3.05,30.77,1.01,,2023/12/15,,,15/12,62.78,,,59.75,Ongoing,Profit,45.45,,TRUE,-3.03,15.00,,,,,,
OXY,7,624.45,57.14,5.58,2023/12/15,,,,15/12,58.76,,,60.81,Ongoing,Profit,34.85,,TRUE,2.05,17.00,,,,,,
SLB,12,339.73,41.67,2.33,2023/12/15,,,,15/12,52.42,,,53.08,Ongoing,Profit,12.54,,TRUE,0.66,19.00,,,,,,
CPB,11,81.88,63.64,2.46,,2023/12/18,,,18/12,43.76,,,43,Ongoing,Profit,16.72,,TRUE,-0.76,22.00,,,,,,
EVRG,12,296.31,33.33,3.57,,2023/12/18,,,18/12,51.46,,,51.38,Ongoing,Profit,1.52,,TRUE,-0.08,19.00,,,,,,
INCY,9,455.73,44.44,3.99,,2023/12/18,,2023/12/22,18/12,60.62,22/12,61.69,62.85,Completed,Loss,(17.12),,FALSE,1.07,16.00,,,,,,
KDP,8,74.67,37.50,2.23,,2023/12/18,,2023/12/22,18/12,32.4,22/12,32.52,32.83,Completed,Loss,(3.60),,FALSE,0.12,30.00,,,,,,
XOM,7,103.40,42.86,1.98,2023/12/18,,,,18/12,101.65,,,101.91,Ongoing,Profit,2.34,,TRUE,0.26,9.00,,,,,,
CAG,14,102.58,50.00,1.61,,2023/12/19,,,19/12,29.49,,,28.66,Ongoing,Profit,27.39,,TRUE,-0.83,33.00,,,,,,
MOH,11,235.18,45.46,2.57,,2023/12/19,,,19/12,366.24,,,358.38,Ongoing,Profit,15.72,,TRUE,-7.86,2.00,,,,,,
PFE,10,91.69,30.00,1.36,2023/12/19,,,,19/12,27.06,,,28.4,Ongoing,Profit,48.24,,TRUE,1.34,36.00,,,,,,
REGN,10,0.39,30.00,1.00,,2023/12/19,,,19/12,850.87,,,846.72,Ongoing,Profit,4.15,,TRUE,-4.15,1.00,,,,,,
FDX,11,16.73,9.09,1.07,,2023/12/20,,,20/12,280,,,248.03,Ongoing,Profit,95.91,,TRUE,-31.97,3.00,,,,,,
MTB,11,131.34,36.36,1.63,,2023/12/20,,,20/12,139.36,,,136.52,Ongoing,Profit,19.88,,TRUE,-2.84,7.00,,,,,,
NVDA,8,18.93,25.00,1.07,,2023/12/20,,,20/12,496.04,,,488.3,Ongoing,Profit,15.48,,TRUE,-7.74,2.00,,,,,,
KMX,8,297.94,37.50,1.87,,2023/12/22,,,22/12,78.55,,,76.52,Ongoing,Profit,24.36,,TRUE,-2.03,12.00,,,,,,
NKE,11,5.15,36.36,1.03,,2023/12/22,,,22/12,122.53,,,108.04,Ongoing,Profit,115.92,,TRUE,-14.49,8.00,,,,,,
PAYX,14,34.47,42.86,1.18,,2023/12/22,,,22/12,118.9,,,119.86,Ongoing,Loss,(7.68),,FALSE,0.96,8.00,,,,,,
,,,,,,,,,,,,,,,,,,FALSE,,,,,,,,
,,,,,,,,,,,,,,,,,,FALSE,,,,,,,,
,,,,,,,,,,,,,,,,,,FALSE,,,,,,,,
,,,,,,,,,,,,,,,,,,FALSE,,,,,,,,
,,,,,,,,,,,,,,,,,,FALSE,,,,,,,,
,,,,,,,,,,,,,,,,,,FALSE,,,,,,,,
,,,,,,,,,,,,,,,,,,FALSE,,,,,,,,
,,,,,,,,,,,,,,,,,,FALSE,,,,,,,,
,,,,,,,,,,,,,,,,,,FALSE,,,,,,,,
,,,,,,,,,,,,,,,,,,FALSE,,,,,,,,
,,,,,,,,,,,,,,,,,,FALSE,,,,,,,,
,,,,,,,,,,,,,,,,,,FALSE,,,,,,,,